-0.0,-42.678666666666665,-85.35733333333333,-10.762499999999998,-21.524999999999995,-43.04999999999999,-86.09999999999998,-15.374999999999996,-30.749999999999993,-61.499999999999986,-122.99999999999997,-24.599999999999994,-49.19999999999999,-98.39999999999998,13.651833333333332,27.303666666666665,54.60733333333333,-0.0,-0.0,-0.0,-0.0,-0.0,-0.0,-0.0,-0.0,-0.0,-0.0,-0.0,-0.0,-0.0,-0.0,-0.0,-0.0,-0.0,-0.0,-0.0,-0.7687499999999998,-1.5374999999999996,-3.0749999999999993,-6.149999999999999,-12.299999999999997,-24.599999999999994,-49.19999999999999,-86.86874999999998,-0.0,-0.0,-0.0,-0.0,-0.0,-0.0,-0.0,-0.0,0.13516666666666666,0.2703333333333333,0.5406666666666666,0.9461666666666666,-0.0,-0.0,-0.0,-0.0,-0.0,-0.0,-0.0,-0.0,-0.0,-0.0,-0.0,-0.0,-0.0,-0.0,-0.0,-0.0,-0.0,-0.0,-0.0,-0.0,-0.0,-0.0,-0.0,-0.0,-0.0,-0.0,-0.0,-0.0,-432.7076666666665
-42.678666666666665,-0.0,-170.71466666666666,-21.524999999999995,-43.04999999999999,-86.09999999999998,-172.19999999999996,-30.749999999999993,-61.499999999999986,-122.99999999999997,-245.99999999999994,-49.19999999999999,-98.39999999999998,-196.79999999999995,27.303666666666665,54.60733333333333,109.21466666666666,-0.0,-0.0,-0.0,-0.0,-0.0,-0.0,-0.0,-0.0,-0.0,-0.0,-0.0,-0.0,-0.0,-0.0,-0.0,-0.0,-0.0,-0.0,-0.0,-1.5374999999999996,-3.0749999999999993,-6.149999999999999,-12.299999999999997,-24.599999999999994,-49.19999999999999,-98.39999999999998,-173.73749999999995,-0.0,-0.0,-0.0,-0.0,-0.0,-0.0,-0.0,-0.0,0.2703333333333333,0.5406666666666666,1.0813333333333333,1.8923333333333332,-0.0,-0.0,-0.0,-0.0,-0.0,-0.0,-0.0,-0.0,-0.0,-0.0,-0.0,-0.0,-0.0,-0.0,-0.0,-0.0,-0.0,-0.0,-0.0,-0.0,-0.0,-0.0,-0.0,-0.0,-0.0,-0.0,-0.0,-0.0,-865.415333333333
-85.35733333333333,-170.71466666666666,-0.0,-43.04999999999999,-86.09999999999998,-172.19999999999996,-344.3999999999999,-61.499999999999986,-122.99999999999997,-245.99999999999994,-491.9999999999999,-98.39999999999998,-196.79999999999995,-393.5999999999999,54.60733333333333,109.21466666666666,218.42933333333332,-0.0,-0.0,-0.0,-0.0,-0.0,-0.0,-0.0,-0.0,-0.0,-0.0,-0.0,-0.0,-0.0,-0.0,-0.0,-0.0,-0.0,-0.0,-0.0,-3.0749999999999993,-6.149999999999999,-12.299999999999997,-24.599999999999994,-49.19999999999999,-98.39999999999998,-196.79999999999995,-347.4749999999999,-0.0,-0.0,-0.0,-0.0,-0.0,-0.0,-0.0,-0.0,0.5406666666666666,1.0813333333333333,2.1626666666666665,3.7846666666666664,-0.0,-0.0,-0.0,-0.0,-0.0,-0.0,-0.0,-0.0,-0.0,-0.0,-0.0,-0.0,-0.0,-0.0,-0.0,-0.0,-0.0,-0.0,-0.0,-0.0,-0.0,-0.0,-0.0,-0.0,-0.0,-0.0,-0.0,-0.0,-1730.830666666666
-10.762499999999998,-21.524999999999995,-43.04999999999999,-0.0,-82.79666666666667,-165.59333333333333,-331.18666666666667,-21.524999999999995,-43.04999999999999,-86.09999999999998,-172.19999999999996,-34.43999999999999,-68.87999999999998,-137.75999999999996,-0.0,-0.0,-0.0,19.804583333333333,39.60916666666667,79.21833333333333,19.9175,39.835,79.67,-0.0,-0.0,-0.0,-0.0,-0.0,-0.0,-0.0,-0.0,-0.0,-0.0,-0.0,-0.0,-0.0,-1.0762499999999997,-2.1524999999999994,-4.304999999999999,-8.609999999999998,-17.219999999999995,-34.43999999999999,-68.87999999999998,-121.61624999999998,-0.0,-0.0,-0.0,-0.0,-0.0,-0.0,-0.0,-0.0,-0.0,-0.0,-0.0,-0.0,3.2066666666666666,6.413333333333333,12.826666666666666,22.446666666666665,3.3195833333333336,6.639166666666667,13.278333333333334,23.237083333333334,-0.0,-0.0,-0.0,-0.0,-0.0,-0.0,-0.0,-0.0,-0.0,-0.0,-0.0,-0.0,-0.0,-0.0,-0.0,-0.0,-0.0,-0.0,-0.0,-0.0,-633.6547916666665
-21.524999999999995,-43.04999999999999,-86.09999999999998,-82.79666666666667,-0.0,-331.18666666666667,-662.3733333333333,-43.04999999999999,-86.09999999999998,-172.19999999999996,-344.3999999999999,-68.87999999999998,-137.75999999999996,-275.5199999999999,-0.0,-0.0,-0.0,39.60916666666667,79.21833333333333,158.43666666666667,39.835,79.67,159.34,-0.0,-0.0,-0.0,-0.0,-0.0,-0.0,-0.0,-0.0,-0.0,-0.0,-0.0,-0.0,-0.0,-2.1524999999999994,-4.304999999999999,-8.609999999999998,-17.219999999999995,-34.43999999999999,-68.87999999999998,-137.75999999999996,-243.23249999999996,-0.0,-0.0,-0.0,-0.0,-0.0,-0.0,-0.0,-0.0,-0.0,-0.0,-0.0,-0.0,6.413333333333333,12.826666666666666,25.653333333333332,44.89333333333333,6.639166666666667,13.278333333333334,26.55666666666667,46.47416666666667,-0.0,-0.0,-0.0,-0.0,-0.0,-0.0,-0.0,-0.0,-0.0,-0.0,-0.0,-0.0,-0.0,-0.0,-0.0,-0.0,-0.0,-0.0,-0.0,-0.0,-1267.309583333333
-43.04999999999999,-86.09999999999998,-172.19999999999996,-165.59333333333333,-331.18666666666667,-0.0,-1324.7466666666667,-86.09999999999998,-172.19999999999996,-344.3999999999999,-688.7999999999998,-137.75999999999996,-275.5199999999999,-551.0399999999998,-0.0,-0.0,-0.0,79.21833333333333,158.43666666666667,316.87333333333333,79.67,159.34,318.68,-0.0,-0.0,-0.0,-0.0,-0.0,-0.0,-0.0,-0.0,-0.0,-0.0,-0.0,-0.0,-0.0,-4.304999999999999,-8.609999999999998,-17.219999999999995,-34.43999999999999,-68.87999999999998,-137.75999999999996,-275.5199999999999,-486.4649999999999,-0.0,-0.0,-0.0,-0.0,-0.0,-0.0,-0.0,-0.0,-0.0,-0.0,-0.0,-0.0,12.826666666666666,25.653333333333332,51.306666666666665,89.78666666666666,13.278333333333334,26.55666666666667,53.11333333333334,92.94833333333334,-0.0,-0.0,-0.0,-0.0,-0.0,-0.0,-0.0,-0.0,-0.0,-0.0,-0.0,-0.0,-0.0,-0.0,-0.0,-0.0,-0.0,-0.0,-0.0,-0.0,-2534.6191666666664
-86.09999999999998,-172.19999999999996,-344.3999999999999,-331.18666666666667,-662.3733333333333,-1324.7466666666667,-0.0,-172.19999999999996,-344.3999999999999,-688.7999999999998,-1377.5999999999997,-275.5199999999999,-551.0399999999998,-1102.0799999999997,-0.0,-0.0,-0.0,158.43666666666667,316.87333333333333,633.7466666666667,159.34,318.68,637.36,-0.0,-0.0,-0.0,-0.0,-0.0,-0.0,-0.0,-0.0,-0.0,-0.0,-0.0,-0.0,-0.0,-8.609999999999998,-17.219999999999995,-34.43999999999999,-68.87999999999998,-137.75999999999996,-275.5199999999999,-551.0399999999998,-972.9299999999998,-0.0,-0.0,-0.0,-0.0,-0.0,-0.0,-0.0,-0.0,-0.0,-0.0,-0.0,-0.0,25.653333333333332,51.306666666666665,102.61333333333333,179.57333333333332,26.55666666666667,53.11333333333334,106.22666666666667,185.89666666666668,-0.0,-0.0,-0.0,-0.0,-0.0,-0.0,-0.0,-0.0,-0.0,-0.0,-0.0,-0.0,-0.0,-0.0,-0.0,-0.0,-0.0,-0.0,-0.0,-0.0,-5069.238333333333
-15.374999999999996,-30.749999999999993,-61.499999999999986,-21.524999999999995,-43.04999999999999,-86.09999999999998,-172.19999999999996,-0.0,-111.12216666666664,-222.2443333333333,-444.4886666666666,-49.19999999999999,-98.39999999999998,-196.79999999999995,-0.0,-0.0,-0.0,-0.0,-0.0,-0.0,-0.0,-0.0,-0.0,23.88283333333333,47.76566666666666,95.53133333333332,23.879458333333332,47.758916666666664,95.51783333333333,23.886499999999998,47.772999999999996,-0.0,-0.0,-0.0,-0.0,-0.0,-1.5374999999999996,-3.0749999999999993,-6.149999999999999,-12.299999999999997,-24.599999999999994,-49.19999999999999,-98.39999999999998,-173.73749999999995,-0.0,-0.0,-0.0,-0.0,-0.0,-0.0,-0.0,-0.0,-0.0,-0.0,-0.0,-0.0,-0.0,-0.0,-0.0,-0.0,-0.0,-0.0,-0.0,-0.0,0.2328333333333333,0.4656666666666666,0.9313333333333332,1.6298333333333332,0.22945833333333332,0.45891666666666664,0.9178333333333333,1.6062083333333332,0.2365,0.473,0.946,1.6555,-0.0,-0.0,-0.0,-0.0,-0.0,-0.0,-0.0,-0.0,-824.8027291666663
-30.749999999999993,-61.499999999999986,-122.99999999999997,-43.04999999999999,-86.09999999999998,-172.19999999999996,-344.3999999999999,-111.12216666666664,-0.0,-444.4886666666666,-888.9773333333331,-98.39999999999998,-196.79999999999995,-393.5999999999999,-0.0,-0.0,-0.0,-0.0,-0.0,-0.0,-0.0,-0.0,-0.0,47.76566666666666,95.53133333333332,191.06266666666664,47.758916666666664,95.51783333333333,191.03566666666666,47.772999999999996,95.54599999999999,-0.0,-0.0,-0.0,-0.0,-0.0,-3.0749999999999993,-6.149999999999999,-12.299999999999997,-24.599999999999994,-49.19999999999999,-98.39999999999998,-196.79999999999995,-347.4749999999999,-0.0,-0.0,-0.0,-0.0,-0.0,-0.0,-0.0,-0.0,-0.0,-0.0,-0.0,-0.0,-0.0,-0.0,-0.0,-0.0,-0.0,-0.0,-0.0,-0.0,0.4656666666666666,0.9313333333333332,1.8626666666666665,3.2596666666666665,0.45891666666666664,0.9178333333333333,1.8356666666666666,3.2124166666666665,0.473,0.946,1.892,3.311,-0.0,-0.0,-0.0,-0.0,-0.0,-0.0,-0.0,-0.0,-1649.6054583333328
-61.499999999999986,-122.99999999999997,-245.99999999999994,-86.09999999999998,-172.19999999999996,-344.3999999999999,-688.7999999999998,-222.2443333333333,-444.4886666666666,-0.0,-1777.9546666666663,-196.79999999999995,-393.5999999999999,-787.1999999999998,-0.0,-0.0,-0.0,-0.0,-0.0,-0.0,-0.0,-0.0,-0.0,95.53133333333332,191.06266666666664,382.1253333333333,95.51783333333333,191.03566666666666,382.0713333333333,95.54599999999999,191.09199999999998,-0.0,-0.0,-0.0,-0.0,-0.0,-6.149999999999999,-12.299999999999997,-24.599999999999994,-49.19999999999999,-98.39999999999998,-196.79999999999995,-393.5999999999999,-694.9499999999998,-0.0,-0.0,-0.0,-0.0,-0.0,-0.0,-0.0,-0.0,-0.0,-0.0,-0.0,-0.0,-0.0,-0.0,-0.0,-0.0,-0.0,-0.0,-0.0,-0.0,0.9313333333333332,1.8626666666666665,3.725333333333333,6.519333333333333,0.9178333333333333,1.8356666666666666,3.671333333333333,6.424833333333333,0.946,1.892,3.784,6.622,-0.0,-0.0,-0.0,-0.0,-0.0,-0.0,-0.0,-0.0,-3299.2109166666655
-122.99999999999997,-245.99999999999994,-491.9999999999999,-172.19999999999996,-344.3999999999999,-688.7999999999998,-1377.5999999999997,-444.4886666666666,-888.9773333333331,-1777.9546666666663,-0.0,-393.5999999999999,-787.1999999999998,-1574.3999999999996,-0.0,-0.0,-0.0,-0.0,-0.0,-0.0,-0.0,-0.0,-0.0,191.06266666666664,382.1253333333333,764.2506666666666,191.03566666666666,382.0713333333333,764.1426666666666,191.09199999999998,382.18399999999997,-0.0,-0.0,-0.0,-0.0,-0.0,-12.299999999999997,-24.599999999999994,-49.19999999999999,-98.39999999999998,-196.79999999999995,-393.5999999999999,-787.1999999999998,-1389.8999999999996,-0.0,-0.0,-0.0,-0.0,-0.0,-0.0,-0.0,-0.0,-0.0,-0.0,-0.0,-0.0,-0.0,-0.0,-0.0,-0.0,-0.0,-0.0,-0.0,-0.0,1.8626666666666665,3.725333333333333,7.450666666666666,13.038666666666666,1.8356666666666666,3.671333333333333,7.342666666666666,12.849666666666666,1.892,3.784,7.568,13.244,-0.0,-0.0,-0.0,-0.0,-0.0,-0.0,-0.0,-0.0,-6598.421833333331
-24.599999999999994,-49.19999999999999,-98.39999999999998,-34.43999999999999,-68.87999999999998,-137.75999999999996,-275.5199999999999,-49.19999999999999,-98.39999999999998,-196.79999999999995,-393.5999999999999,-0.0,-209.22083333333327,-418.44166666666655,-0.0,-0.0,-0.0,-0.0,-0.0,-0.0,-0.0,-0.0,-0.0,-0.0,-0.0,-0.0,-0.0,-0.0,-0.0,-0.0,-0.0,25.394458333333333,50.788916666666665,101.57783333333333,25.4015,50.803,-2.4599999999999995,-4.919999999999999,-9.839999999999998,-19.679999999999996,-39.35999999999999,-78.71999999999998,-157.43999999999997,-277.97999999999996,-0.0,-0.0,-0.0,-0.0,-0.0,-0.0,-0.0,-0.0,-0.0,-0.0,-0.0,-0.0,-0.0,-0.0,-0.0,-0.0,-0.0,-0.0,-0.0,-0.0,-0.0,-0.0,-0.0,-0.0,-0.0,-0.0,-0.0,-0.0,-0.0,-0.0,-0.0,-0.0,0.24445833333333333,0.48891666666666667,0.9778333333333333,1.7112083333333334,0.2515,0.503,1.006,1.7605,-1309.1846249999996
-49.19999999999999,-98.39999999999998,-196.79999999999995,-68.87999999999998,-137.75999999999996,-275.5199999999999,-551.0399999999998,-98.39999999999998,-196.79999999999995,-393.5999999999999,-787.1999999999998,-209.22083333333327,-0.0,-836.8833333333331,-0.0,-0.0,-0.0,-0.0,-0.0,-0.0,-0.0,-0.0,-0.0,-0.0,-0.0,-0.0,-0.0,-0.0,-0.0,-0.0,-0.0,50.788916666666665,101.57783333333333,203.15566666666666,50.803,101.606,-4.919999999999999,-9.839999999999998,-19.679999999999996,-39.35999999999999,-78.71999999999998,-157.43999999999997,-314.87999999999994,-555.9599999999999,-0.0,-0.0,-0.0,-0.0,-0.0,-0.0,-0.0,-0.0,-0.0,-0.0,-0.0,-0.0,-0.0,-0.0,-0.0,-0.0,-0.0,-0.0,-0.0,-0.0,-0.0,-0.0,-0.0,-0.0,-0.0,-0.0,-0.0,-0.0,-0.0,-0.0,-0.0,-0.0,0.48891666666666667,0.9778333333333333,1.9556666666666667,3.422416666666667,0.503,1.006,2.012,3.521,-2618.3692499999993
-98.39999999999998,-196.79999999999995,-393.5999999999999,-137.75999999999996,-275.5199999999999,-551.0399999999998,-1102.0799999999997,-196.79999999999995,-393.5999999999999,-787.1999999999998,-1574.3999999999996,-418.44166666666655,-836.8833333333331,-0.0,-0.0,-0.0,-0.0,-0.0,-0.0,-0.0,-0.0,-0.0,-0.0,-0.0,-0.0,-0.0,-0.0,-0.0,-0.0,-0.0,-0.0,101.57783333333333,203.15566666666666,406.3113333333333,101.606,203.212,-9.839999999999998,-19.679999999999996,-39.35999999999999,-78.71999999999998,-157.43999999999997,-314.87999999999994,-629.7599999999999,-1111.9199999999998,-0.0,-0.0,-0.0,-0.0,-0.0,-0.0,-0.0,-0.0,-0.0,-0.0,-0.0,-0.0,-0.0,-0.0,-0.0,-0.0,-0.0,-0.0,-0.0,-0.0,-0.0,-0.0,-0.0,-0.0,-0.0,-0.0,-0.0,-0.0,-0.0,-0.0,-0.0,-0.0,0.9778333333333333,1.9556666666666667,3.9113333333333333,6.844833333333334,1.006,2.012,4.024,7.042,-5236.738499999999
13.651833333333332,27.303666666666665,54.60733333333333,-0.0,-0.0,-0.0,-0.0,-0.0,-0.0,-0.0,-0.0,-0.0,-0.0,-0.0,-0.0,-36.76533333333333,-73.53066666666666,-4.730833333333333,-9.461666666666666,-18.923333333333332,-0.0,-0.0,-0.0,-4.730833333333333,-9.461666666666666,-18.923333333333332,-0.0,-0.0,-0.0,-0.0,-0.0,-0.0,-0.0,-0.0,-0.0,-0.0,-0.0,-0.0,-0.0,-0.0,-0.0,-0.0,-0.0,-0.0,-4.730833333333333,-9.461666666666666,-18.923333333333332,-0.0,-0.0,-0.0,-0.0,-0.0,-0.13516666666666666,-0.2703333333333333,-0.5406666666666666,-0.9461666666666666,-0.0,-0.0,-0.0,-0.0,-0.0,-0.0,-0.0,-0.0,-0.0,-0.0,-0.0,-0.0,-0.0,-0.0,-0.0,-0.0,-0.0,-0.0,-0.0,-0.0,-0.0,-0.0,-0.0,-0.0,-0.0,-0.0,-0.0,-0.0,-54.60733333333334
27.303666666666665,54.60733333333333,109.21466666666666,-0.0,-0.0,-0.0,-0.0,-0.0,-0.0,-0.0,-0.0,-0.0,-0.0,-0.0,-36.76533333333333,-0.0,-147.06133333333332,-9.461666666666666,-18.923333333333332,-37.846666666666664,-0.0,-0.0,-0.0,-9.461666666666666,-18.923333333333332,-37.846666666666664,-0.0,-0.0,-0.0,-0.0,-0.0,-0.0,-0.0,-0.0,-0.0,-0.0,-0.0,-0.0,-0.0,-0.0,-0.0,-0.0,-0.0,-0.0,-9.461666666666666,-18.923333333333332,-37.846666666666664,-0.0,-0.0,-0.0,-0.0,-0.0,-0.2703333333333333,-0.5406666666666666,-1.0813333333333333,-1.8923333333333332,-0.0,-0.0,-0.0,-0.0,-0.0,-0.0,-0.0,-0.0,-0.0,-0.0,-0.0,-0.0,-0.0,-0.0,-0.0,-0.0,-0.0,-0.0,-0.0,-0.0,-0.0,-0.0,-0.0,-0.0,-0.0,-0.0,-0.0,-0.0,-109.21466666666667
54.60733333333333,109.21466666666666,218.42933333333332,-0.0,-0.0,-0.0,-0.0,-0.0,-0.0,-0.0,-0.0,-0.0,-0.0,-0.0,-73.53066666666666,-147.06133333333332,-0.0,-18.923333333333332,-37.846666666666664,-75.69333333333333,-0.0,-0.0,-0.0,-18.923333333333332,-37.846666666666664,-75.69333333333333,-0.0,-0.0,-0.0,-0.0,-0.0,-0.0,-0.0,-0.0,-0.0,-0.0,-0.0,-0.0,-0.0,-0.0,-0.0,-0.0,-0.0,-0.0,-18.923333333333332,-37.846666666666664,-75.69333333333333,-0.0,-0.0,-0.0,-0.0,-0.0,-0.5406666666666666,-1.0813333333333333,-2.1626666666666665,-3.7846666666666664,-0.0,-0.0,-0.0,-0.0,-0.0,-0.0,-0.0,-0.0,-0.0,-0.0,-0.0,-0.0,-0.0,-0.0,-0.0,-0.0,-0.0,-0.0,-0.0,-0.0,-0.0,-0.0,-0.0,-0.0,-0.0,-0.0,-0.0,-0.0,-218.42933333333335
-0.0,-0.0,-0.0,19.804583333333333,39.60916666666667,79.21833333333333,158.43666666666667,-0.0,-0.0,-0.0,-0.0,-0.0,-0.0,-0.0,-4.730833333333333,-9.461666666666666,-18.923333333333332,-0.0,-45.86416666666666,-91.72833333333332,-16.597916666666666,-33.19583333333333,-66.39166666666667,-4.730833333333333,-9.461666666666666,-18.923333333333332,-0.0,-0.0,-0.0,-0.0,-0.0,-0.0,-0.0,-0.0,-0.0,-0.0,-0.0,-0.0,-0.0,-0.0,-0.0,-0.0,-0.0,-0.0,-4.730833333333333,-9.461666666666666,-18.923333333333332,-0.0,-0.0,-0.0,-0.0,-0.0,-0.0,-0.0,-0.0,-0.0,-1.6033333333333333,-3.2066666666666666,-6.413333333333333,-11.223333333333333,-0.0,-0.0,-0.0,-0.0,-0.0,-0.0,-0.0,-0.0,-0.0,-0.0,-0.0,-0.0,-0.0,-0.0,-0.0,-0.0,-0.0,-0.0,-0.0,-0.0,-0.0,-0.0,-0.0,-0.0,-27.18708333333332
-0.0,-0.0,-0.0,39.60916666666667,79.21833333333333,158.43666666666667,316.87333333333333,-0.0,-0.0,-0.0,-0.0,-0.0,-0.0,-0.0,-9.461666666666666,-18.923333333333332,-37.846666666666664,-45.86416666666666,-0.0,-183.45666666666665,-33.19583333333333,-66.39166666666667,-132.78333333333333,-9.461666666666666,-18.923333333333332,-37.846666666666664,-0.0,-0.0,-0.0,-0.0,-0.0,-0.0,-0.0,-0.0,-0.0,-0.0,-0.0,-0.0,-0.0,-0.0,-0.0,-0.0,-0.0,-0.0,-9.461666666666666,-18.923333333333332,-37.846666666666664,-0.0,-0.0,-0.0,-0.0,-0.0,-0.0,-0.0,-0.0,-0.0,-3.2066666666666666,-6.413333333333333,-12.826666666666666,-22.446666666666665,-0.0,-0.0,-0.0,-0.0,-0.0,-0.0,-0.0,-0.0,-0.0,-0.0,-0.0,-0.0,-0.0,-0.0,-0.0,-0.0,-0.0,-0.0,-0.0,-0.0,-0.0,-0.0,-0.0,-0.0,-54.37416666666664
-0.0,-0.0,-0.0,79.21833333333333,158.43666666666667,316.87333333333333,633.7466666666667,-0.0,-0.0,-0.0,-0.0,-0.0,-0.0,-0.0,-18.923333333333332,-37.846666666666664,-75.69333333333333,-91.72833333333332,-183.45666666666665,-0.0,-66.39166666666667,-132.78333333333333,-265.56666666666666,-18.923333333333332,-37.846666666666664,-75.69333333333333,-0.0,-0.0,-0.0,-0.0,-0.0,-0.0,-0.0,-0.0,-0.0,-0.0,-0.0,-0.0,-0.0,-0.0,-0.0,-0.0,-0.0,-0.0,-18.923333333333332,-37.846666666666664,-75.69333333333333,-0.0,-0.0,-0.0,-0.0,-0.0,-0.0,-0.0,-0.0,-0.0,-6.413333333333333,-12.826666666666666,-25.653333333333332,-44.89333333333333,-0.0,-0.0,-0.0,-0.0,-0.0,-0.0,-0.0,-0.0,-0.0,-0.0,-0.0,-0.0,-0.0,-0.0,-0.0,-0.0,-0.0,-0.0,-0.0,-0.0,-0.0,-0.0,-0.0,-0.0,-108.7483333333333
-0.0,-0.0,-0.0,19.9175,39.835,79.67,159.34,-0.0,-0.0,-0.0,-0.0,-0.0,-0.0,-0.0,-0.0,-0.0,-0.0,-16.597916666666666,-33.19583333333333,-66.39166666666667,-0.0,-51.453541666666666,-102.90708333333333,-0.0,-0.0,-0.0,-5.809270833333333,-11.618541666666665,-23.23708333333333,-0.0,-0.0,-5.809270833333333,-11.618541666666665,-23.23708333333333,-0.0,-0.0,-0.0,-0.0,-0.0,-0.0,-0.0,-0.0,-0.0,-0.0,-0.0,-0.0,-0.0,-5.809270833333333,-11.618541666666665,-23.23708333333333,-0.0,-0.0,-0.0,-0.0,-0.0,-0.0,-0.0,-0.0,-0.0,-0.0,-3.3195833333333336,-6.639166666666667,-13.278333333333334,-23.237083333333334,-0.0,-0.0,-0.0,-0.0,-0.0,-0.0,-0.0,-0.0,-0.0,-0.0,-0.0,-0.0,-0.0,-0.0,-0.0,-0.0,-0.0,-0.0,-0.0,-0.0,-68.05145833333331
-0.0,-0.0,-0.0,39.835,79.67,159.34,318.68,-0.0,-0.0,-0.0,-0.0,-0.0,-0.0,-0.0,-0.0,-0.0,-0.0,-33.19583333333333,-66.39166666666667,-132.78333333333333,-51.453541666666666,-0.0,-205.81416666666667,-0.0,-0.0,-0.0,-11.618541666666665,-23.23708333333333,-46.47416666666666,-0.0,-0.0,-11.618541666666665,-23.23708333333333,-46.47416666666666,-0.0,-0.0,-0.0,-0.0,-0.0,-0.0,-0.0,-0.0,-0.0,-0.0,-0.0,-0.0,-0.0,-11.618541666666665,-23.23708333333333,-46.47416666666666,-0.0,-0.0,-0.0,-0.0,-0.0,-0.0,-0.0,-0.0,-0.0,-0.0,-6.639166666666667,-13.278333333333334,-26.55666666666667,-46.47416666666667,-0.0,-0.0,-0.0,-0.0,-0.0,-0.0,-0.0,-0.0,-0.0,-0.0,-0.0,-0.0,-0.0,-0.0,-0.0,-0.0,-0.0,-0.0,-0.0,-0.0,-136.10291666666666
-0.0,-0.0,-0.0,79.67,159.34,318.68,637.36,-0.0,-0.0,-0.0,-0.0,-0.0,-0.0,-0.0,-0.0,-0.0,-0.0,-66.39166666666667,-132.78333333333333,-265.56666666666666,-102.90708333333333,-205.81416666666667,-0.0,-0.0,-0.0,-0.0,-23.23708333333333,-46.47416666666666,-92.94833333333332,-0.0,-0.0,-23.23708333333333,-46.47416666666666,-92.94833333333332,-0.0,-0.0,-0.0,-0.0,-0.0,-0.0,-0.0,-0.0,-0.0,-0.0,-0.0,-0.0,-0.0,-23.23708333333333,-46.47416666666666,-92.94833333333332,-0.0,-0.0,-0.0,-0.0,-0.0,-0.0,-0.0,-0.0,-0.0,-0.0,-13.278333333333334,-26.55666666666667,-53.11333333333334,-92.94833333333334,-0.0,-0.0,-0.0,-0.0,-0.0,-0.0,-0.0,-0.0,-0.0,-0.0,-0.0,-0.0,-0.0,-0.0,-0.0,-0.0,-0.0,-0.0,-0.0,-0.0,-272.2058333333333
-0.0,-0.0,-0.0,-0.0,-0.0,-0.0,-0.0,23.88283333333333,47.76566666666666,95.53133333333332,191.06266666666664,-0.0,-0.0,-0.0,-4.730833333333333,-9.461666666666666,-18.923333333333332,-4.730833333333333,-9.461666666666666,-18.923333333333332,-0.0,-0.0,-0.0,-0.0,-56.994499999999995,-113.98899999999999,-23.65,-47.3,-94.6,-23.65,-47.3,-0.0,-0.0,-0.0,-0.0,-0.0,-0.0,-0.0,-0.0,-0.0,-0.0,-0.0,-0.0,-0.0,-4.730833333333333,-9.461666666666666,-18.923333333333332,-0.0,-0.0,-0.0,-0.0,-0.0,-0.0,-0.0,-0.0,-0.0,-0.0,-0.0,-0.0,-0.0,-0.0,-0.0,-0.0,-0.0,-0.11641666666666665,-0.2328333333333333,-0.4656666666666666,-0.8149166666666666,-0.0,-0.0,-0.0,-0.0,-0.0,-0.0,-0.0,-0.0,-0.0,-0.0,-0.0,-0.0,-0.0,-0.0,-0.0,-0.0,-100.84225000000002
-0.0,-0.0,-0.0,-0.0,-0.0,-0.0,-0.0,47.76566666666666,95.53133333333332,191.06266666666664,382.1253333333333,-0.0,-0.0,-0.0,-9.461666666666666,-18.923333333333332,-37.846666666666664,-9.461666666666666,-18.923333333333332,-37.846666666666664,-0.0,-0.0,-0.0,-56.994499999999995,-0.0,-227.97799999999998,-47.3,-94.6,-189.2,-47.3,-94.6,-0.0,-0.0,-0.0,-0.0,-0.0,-0.0,-0.0,-0.0,-0.0,-0.0,-0.0,-0.0,-0.0,-9.461666666666666,-18.923333333333332,-37.846666666666664,-0.0,-0.0,-0.0,-0.0,-0.0,-0.0,-0.0,-0.0,-0.0,-0.0,-0.0,-0.0,-0.0,-0.0,-0.0,-0.0,-0.0,-0.2328333333333333,-0.4656666666666666,-0.9313333333333332,-1.6298333333333332,-0.0,-0.0,-0.0,-0.0,-0.0,-0.0,-0.0,-0.0,-0.0,-0.0,-0.0,-0.0,-0.0,-0.0,-0.0,-0.0,-201.68450000000004
-0.0,-0.0,-0.0,-0.0,-0.0,-0.0,-0.0,95.53133333333332,191.06266666666664,382.1253333333333,764.2506666666666,-0.0,-0.0,-0.0,-18.923333333333332,-37.846666666666664,-75.69333333333333,-18.923333333333332,-37.846666666666664,-75.69333333333333,-0.0,-0.0,-0.0,-113.98899999999999,-227.97799999999998,-0.0,-94.6,-189.2,-378.4,-94.6,-189.2,-0.0,-0.0,-0.0,-0.0,-0.0,-0.0,-0.0,-0.0,-0.0,-0.0,-0.0,-0.0,-0.0,-18.923333333333332,-37.846666666666664,-75.69333333333333,-0.0,-0.0,-0.0,-0.0,-0.0,-0.0,-0.0,-0.0,-0.0,-0.0,-0.0,-0.0,-0.0,-0.0,-0.0,-0.0,-0.0,-0.4656666666666666,-0.9313333333333332,-1.8626666666666665,-3.2596666666666665,-0.0,-0.0,-0.0,-0.0,-0.0,-0.0,-0.0,-0.0,-0.0,-0.0,-0.0,-0.0,-0.0,-0.0,-0.0,-0.0,-403.369
-0.0,-0.0,-0.0,-0.0,-0.0,-0.0,-0.0,23.879458333333332,47.758916666666664,95.51783333333333,191.03566666666666,-0.0,-0.0,-0.0,-0.0,-0.0,-0.0,-0.0,-0.0,-0.0,-5.809270833333333,-11.618541666666665,-23.23708333333333,-23.65,-47.3,-94.6,-0.0,-59.147999999999996,-118.29599999999999,-23.65,-47.3,-5.809270833333333,-11.618541666666665,-23.23708333333333,-0.0,-0.0,-0.0,-0.0,-0.0,-0.0,-0.0,-0.0,-0.0,-0.0,-0.0,-0.0,-0.0,-5.809270833333333,-11.618541666666665,-23.23708333333333,-0.0,-0.0,-0.0,-0.0,-0.0,-0.0,-0.0,-0.0,-0.0,-0.0,-0.0,-0.0,-0.0,-0.0,-0.0,-0.0,-0.0,-0.0,-0.11472916666666666,-0.22945833333333332,-0.45891666666666664,-0.8031041666666666,-0.0,-0.0,-0.0,-0.0,-0.0,-0.0,-0.0,-0.0,-0.0,-0.0,-0.0,-0.0,-116.12431249999999
-0.0,-0.0,-0.0,-0.0,-0.0,-0.0,-0.0,47.758916666666664,95.51783333333333,191.03566666666666,382.0713333333333,-0.0,-0.0,-0.0,-0.0,-0.0,-0.0,-0.0,-0.0,-0.0,-11.618541666666665,-23.23708333333333,-46.47416666666666,-47.3,-94.6,-189.2,-59.147999999999996,-0.0,-236.59199999999998,-47.3,-94.6,-11.618541666666665,-23.23708333333333,-46.47416666666666,-0.0,-0.0,-0.0,-0.0,-0.0,-0.0,-0.0,-0.0,-0.0,-0.0,-0.0,-0.0,-0.0,-11.618541666666665,-23.23708333333333,-46.47416666666666,-0.0,-0.0,-0.0,-0.0,-0.0,-0.0,-0.0,-0.0,-0.0,-0.0,-0.0,-0.0,-0.0,-0.0,-0.0,-0.0,-0.0,-0.0,-0.22945833333333332,-0.45891666666666664,-0.9178333333333333,-1.6062083333333332,-0.0,-0.0,-0.0,-0.0,-0.0,-0.0,-0.0,-0.0,-0.0,-0.0,-0.0,-0.0,-232.248625
-0.0,-0.0,-0.0,-0.0,-0.0,-0.0,-0.0,95.51783333333333,191.03566666666666,382.0713333333333,764.1426666666666,-0.0,-0.0,-0.0,-0.0,-0.0,-0.0,-0.0,-0.0,-0.0,-23.23708333333333,-46.47416666666666,-92.94833333333332,-94.6,-189.2,-378.4,-118.29599999999999,-236.59199999999998,-0.0,-94.6,-189.2,-23.23708333333333,-46.47416666666666,-92.94833333333332,-0.0,-0.0,-0.0,-0.0,-0.0,-0.0,-0.0,-0.0,-0.0,-0.0,-0.0,-0.0,-0.0,-23.23708333333333,-46.47416666666666,-92.94833333333332,-0.0,-0.0,-0.0,-0.0,-0.0,-0.0,-0.0,-0.0,-0.0,-0.0,-0.0,-0.0,-0.0,-0.0,-0.0,-0.0,-0.0,-0.0,-0.45891666666666664,-0.9178333333333333,-1.8356666666666666,-3.2124166666666665,-0.0,-0.0,-0.0,-0.0,-0.0,-0.0,-0.0,-0.0,-0.0,-0.0,-0.0,-0.0,-464.49725
-0.0,-0.0,-0.0,-0.0,-0.0,-0.0,-0.0,23.886499999999998,47.772999999999996,95.54599999999999,191.09199999999998,-0.0,-0.0,-0.0,-0.0,-0.0,-0.0,-0.0,-0.0,-0.0,-0.0,-0.0,-0.0,-23.65,-47.3,-94.6,-23.65,-47.3,-94.6,-0.0,-65.37799999999999,-0.0,-0.0,-0.0,-8.802499999999998,-17.604999999999997,-0.0,-0.0,-0.0,-0.0,-0.0,-0.0,-0.0,-0.0,-0.0,-0.0,-0.0,-0.0,-0.0,-0.0,-8.802499999999998,-17.604999999999997,-0.0,-0.0,-0.0,-0.0,-0.0,-0.0,-0.0,-0.0,-0.0,-0.0,-0.0,-0.0,-0.0,-0.0,-0.0,-0.0,-0.0,-0.0,-0.0,-0.0,-0.2365,-0.473,-0.946,-1.6555,-0.0,-0.0,-0.0,-0.0,-0.0,-0.0,-0.0,-0.0,-50.53050000000001
-0.0,-0.0,-0.0,-0.0,-0.0,-0.0,-0.0,47.772999999999996,95.54599999999999,191.09199999999998,382.18399999999997,-0.0,-0.0,-0.0,-0.0,-0.0,-0.0,-0.0,-0.0,-0.0,-0.0,-0.0,-0.0,-47.3,-94.6,-189.2,-47.3,-94.6,-189.2,-65.37799999999999,-0.0,-0.0,-0.0,-0.0,-17.604999999999997,-35.209999999999994,-0.0,-0.0,-0.0,-0.0,-0.0,-0.0,-0.0,-0.0,-0.0,-0.0,-0.0,-0.0,-0.0,-0.0,-17.604999999999997,-35.209999999999994,-0.0,-0.0,-0.0,-0.0,-0.0,-0.0,-0.0,-0.0,-0.0,-0.0,-0.0,-0.0,-0.0,-0.0,-0.0,-0.0,-0.0,-0.0,-0.0,-0.0,-0.473,-0.946,-1.892,-3.311,-0.0,-0.0,-0.0,-0.0,-0.0,-0.0,-0.0,-0.0,-101.061
-0.0,-0.0,-0.0,-0.0,-0.0,-0.0,-0.0,-0.0,-0.0,-0.0,-0.0,25.394458333333333,50.788916666666665,101.57783333333333,-0.0,-0.0,-0.0,-0.0,-0.0,-0.0,-5.809270833333333,-11.618541666666665,-23.23708333333333,-0.0,-0.0,-0.0,-5.809270833333333,-11.618541666666665,-23.23708333333333,-0.0,-0.0,-0.0,-62.163,-124.326,-25.15,-50.3,-0.0,-0.0,-0.0,-0.0,-0.0,-0.0,-0.0,-0.0,-0.0,-0.0,-0.0,-5.809270833333333,-11.618541666666665,-23.23708333333333,-0.0,-0.0,-0.0,-0.0,-0.0,-0.0,-0.0,-0.0,-0.0,-0.0,-0.0,-0.0,-0.0,-0.0,-0.0,-0.0,-0.0,-0.0,-0.0,-0.0,-0.0,-0.0,-0.0,-0.0,-0.0,-0.0,-0.12222916666666667,-0.24445833333333333,-0.48891666666666667,-0.8556041666666667,-0.0,-0.0,-0.0,-0.0,-145.41247916666666
-0.0,-0.0,-0.0,-0.0,-0.0,-0.0,-0.0,-0.0,-0.0,-0.0,-0.0,50.788916666666665,101.57783333333333,203.15566666666666,-0.0,-0.0,-0.0,-0.0,-0.0,-0.0,-11.618541666666665,-23.23708333333333,-46.47416666666666,-0.0,-0.0,-0.0,-11.618541666666665,-23.23708333333333,-46.47416666666666,-0.0,-0.0,-62.163,-0.0,-248.652,-50.3,-100.6,-0.0,-0.0,-0.0,-0.0,-0.0,-0.0,-0.0,-0.0,-0.0,-0.0,-0.0,-11.618541666666665,-23.23708333333333,-46.47416666666666,-0.0,-0.0,-0.0,-0.0,-0.0,-0.0,-0.0,-0.0,-0.0,-0.0,-0.0,-0.0,-0.0,-0.0,-0.0,-0.0,-0.0,-0.0,-0.0,-0.0,-0.0,-0.0,-0.0,-0.0,-0.0,-0.0,-0.24445833333333333,-0.48891666666666667,-0.9778333333333333,-1.7112083333333334,-0.0,-0.0,-0.0,-0.0,-290.8249583333333
-0.0,-0.0,-0.0,-0.0,-0.0,-0.0,-0.0,-0.0,-0.0,-0.0,-0.0,101.57783333333333,203.15566666666666,406.3113333333333,-0.0,-0.0,-0.0,-0.0,-0.0,-0.0,-23.23708333333333,-46.47416666666666,-92.94833333333332,-0.0,-0.0,-0.0,-23.23708333333333,-46.47416666666666,-92.94833333333332,-0.0,-0.0,-124.326,-248.652,-0.0,-100.6,-201.2,-0.0,-0.0,-0.0,-0.0,-0.0,-0.0,-0.0,-0.0,-0.0,-0.0,-0.0,-23.23708333333333,-46.47416666666666,-92.94833333333332,-0.0,-0.0,-0.0,-0.0,-0.0,-0.0,-0.0,-0.0,-0.0,-0.0,-0.0,-0.0,-0.0,-0.0,-0.0,-0.0,-0.0,-0.0,-0.0,-0.0,-0.0,-0.0,-0.0,-0.0,-0.0,-0.0,-0.48891666666666667,-0.9778333333333333,-1.9556666666666667,-3.422416666666667,-0.0,-0.0,-0.0,-0.0,-581.6499166666666
-0.0,-0.0,-0.0,-0.0,-0.0,-0.0,-0.0,-0.0,-0.0,-0.0,-0.0,25.4015,50.803,101.606,-0.0,-0.0,-0.0,-0.0,-0.0,-0.0,-0.0,-0.0,-0.0,-0.0,-0.0,-0.0,-0.0,-0.0,-0.0,-8.802499999999998,-17.604999999999997,-25.15,-50.3,-100.6,-0.0,-68.40799999999999,-0.0,-0.0,-0.0,-0.0,-0.0,-0.0,-0.0,-0.0,-0.0,-0.0,-0.0,-0.0,-0.0,-0.0,-8.802499999999998,-17.604999999999997,-0.0,-0.0,-0.0,-0.0,-0.0,-0.0,-0.0,-0.0,-0.0,-0.0,-0.0,-0.0,-0.0,-0.0,-0.0,-0.0,-0.0,-0.0,-0.0,-0.0,-0.0,-0.0,-0.0,-0.0,-0.0,-0.0,-0.0,-0.0,-0.2515,-0.503,-1.006,-1.7605,-79.22249999999998
-0.0,-0.0,-0.0,-0.0,-0.0,-0.0,-0.0,-0.0,-0.0,-0.0,-0.0,50.803,101.606,203.212,-0.0,-0.0,-0.0,-0.0,-0.0,-0.0,-0.0,-0.0,-0.0,-0.0,-0.0,-0.0,-0.0,-0.0,-0.0,-17.604999999999997,-35.209999999999994,-50.3,-100.6,-201.2,-68.40799999999999,-0.0,-0.0,-0.0,-0.0,-0.0,-0.0,-0.0,-0.0,-0.0,-0.0,-0.0,-0.0,-0.0,-0.0,-0.0,-17.604999999999997,-35.209999999999994,-0.0,-0.0,-0.0,-0.0,-0.0,-0.0,-0.0,-0.0,-0.0,-0.0,-0.0,-0.0,-0.0,-0.0,-0.0,-0.0,-0.0,-0.0,-0.0,-0.0,-0.0,-0.0,-0.0,-0.0,-0.0,-0.0,-0.0,-0.0,-0.503,-1.006,-2.012,-3.521,-158.44499999999996
-0.7687499999999998,-1.5374999999999996,-3.0749999999999993,-1.0762499999999997,-2.1524999999999994,-4.304999999999999,-8.609999999999998,-1.5374999999999996,-3.0749999999999993,-6.149999999999999,-12.299999999999997,-2.4599999999999995,-4.919999999999999,-9.839999999999998,-0.0,-0.0,-0.0,-0.0,-0.0,-0.0,-0.0,-0.0,-0.0,-0.0,-0.0,-0.0,-0.0,-0.0,-0.0,-0.0,-0.0,-0.0,-0.0,-0.0,-0.0,-0.0,-0.0,-0.15374999999999997,-0.30749999999999994,-0.6149999999999999,-1.2299999999999998,-2.4599999999999995,-4.919999999999999,-8.686874999999999,-0.0,-0.0,-0.0,-0.0,-0.0,-0.0,-0.0,-0.0,-0.0,-0.0,-0.0,-0.0,-0.0,-0.0,-0.0,-0.0,-0.0,-0.0,-0.0,-0.0,-0.0,-0.0,-0.0,-0.0,-0.0,-0.0,-0.0,-0.0,-0.0,-0.0,-0.0,-0.0,-0.0,-0.0,-0.0,-0.0,-0.0,-0.0,-0.0,-0.0,-43.357499999999995
-1.5374999999999996,-3.0749999999999993,-6.149999999999999,-2.1524999999999994,-4.304999999999999,-8.609999999999998,-17.219999999999995,-3.0749999999999993,-6.149999999999999,-12.299999999999997,-24.599999999999994,-4.919999999999999,-9.839999999999998,-19.679999999999996,-0.0,-0.0,-0.0,-0.0,-0.0,-0.0,-0.0,-0.0,-0.0,-0.0,-0.0,-0.0,-0.0,-0.0,-0.0,-0.0,-0.0,-0.0,-0.0,-0.0,-0.0,-0.0,-0.15374999999999997,-0.0,-0.6149999999999999,-1.2299999999999998,-2.4599999999999995,-4.919999999999999,-9.839999999999998,-17.373749999999998,-0.0,-0.0,-0.0,-0.0,-0.0,-0.0,-0.0,-0.0,-0.0,-0.0,-0.0,-0.0,-0.0,-0.0,-0.0,-0.0,-0.0,-0.0,-0.0,-0.0,-0.0,-0.0,-0.0,-0.0,-0.0,-0.0,-0.0,-0.0,-0.0,-0.0,-0.0,-0.0,-0.0,-0.0,-0.0,-0.0,-0.0,-0.0,-0.0,-0.0,-86.71499999999999
-3.0749999999999993,-6.149999999999999,-12.299999999999997,-4.304999999999999,-8.609999999999998,-17.219999999999995,-34.43999999999999,-6.149999999999999,-12.299999999999997,-24.599999999999994,-49.19999999999999,-9.839999999999998,-19.679999999999996,-39.35999999999999,-0.0,-0.0,-0.0,-0.0,-0.0,-0.0,-0.0,-0.0,-0.0,-0.0,-0.0,-0.0,-0.0,-0.0,-0.0,-0.0,-0.0,-0.0,-0.0,-0.0,-0.0,-0.0,-0.30749999999999994,-0.6149999999999999,-0.0,-2.4599999999999995,-4.919999999999999,-9.839999999999998,-19.679999999999996,-34.747499999999995,-0.0,-0.0,-0.0,-0.0,-0.0,-0.0,-0.0,-0.0,-0.0,-0.0,-0.0,-0.0,-0.0,-0.0,-0.0,-0.0,-0.0,-0.0,-0.0,-0.0,-0.0,-0.0,-0.0,-0.0,-0.0,-0.0,-0.0,-0.0,-0.0,-0.0,-0.0,-0.0,-0.0,-0.0,-0.0,-0.0,-0.0,-0.0,-0.0,-0.0,-173.42999999999995
-6.149999999999999,-12.299999999999997,-24.599999999999994,-8.609999999999998,-17.219999999999995,-34.43999999999999,-68.87999999999998,-12.299999999999997,-24.599999999999994,-49.19999999999999,-98.39999999999998,-19.679999999999996,-39.35999999999999,-78.71999999999998,-0.0,-0.0,-0.0,-0.0,-0.0,-0.0,-0.0,-0.0,-0.0,-0.0,-0.0,-0.0,-0.0,-0.0,-0.0,-0.0,-0.0,-0.0,-0.0,-0.0,-0.0,-0.0,-0.6149999999999999,-1.2299999999999998,-2.4599999999999995,-0.0,-9.839999999999998,-19.679999999999996,-39.35999999999999,-69.49499999999999,-0.0,-0.0,-0.0,-0.0,-0.0,-0.0,-0.0,-0.0,-0.0,-0.0,-0.0,-0.0,-0.0,-0.0,-0.0,-0.0,-0.0,-0.0,-0.0,-0.0,-0.0,-0.0,-0.0,-0.0,-0.0,-0.0,-0.0,-0.0,-0.0,-0.0,-0.0,-0.0,-0.0,-0.0,-0.0,-0.0,-0.0,-0.0,-0.0,-0.0,-346.8599999999999
-12.299999999999997,-24.599999999999994,-49.19999999999999,-17.219999999999995,-34.43999999999999,-68.87999999999998,-137.75999999999996,-24.599999999999994,-49.19999999999999,-98.39999999999998,-196.79999999999995,-39.35999999999999,-78.71999999999998,-157.43999999999997,-0.0,-0.0,-0.0,-0.0,-0.0,-0.0,-0.0,-0.0,-0.0,-0.0,-0.0,-0.0,-0.0,-0.0,-0.0,-0.0,-0.0,-0.0,-0.0,-0.0,-0.0,-0.0,-1.2299999999999998,-2.4599999999999995,-4.919999999999999,-9.839999999999998,-0.0,-39.35999999999999,-78.71999999999998,-138.98999999999998,-0.0,-0.0,-0.0,-0.0,-0.0,-0.0,-0.0,-0.0,-0.0,-0.0,-0.0,-0.0,-0.0,-0.0,-0.0,-0.0,-0.0,-0.0,-0.0,-0.0,-0.0,-0.0,-0.0,-0.0,-0.0,-0.0,-0.0,-0.0,-0.0,-0.0,-0.0,-0.0,-0.0,-0.0,-0.0,-0.0,-0.0,-0.0,-0.0,-0.0,-693.7199999999998
-24.599999999999994,-49.19999999999999,-98.39999999999998,-34.43999999999999,-68.87999999999998,-137.75999999999996,-275.5199999999999,-49.19999999999999,-98.39999999999998,-196.79999999999995,-393.5999999999999,-78.71999999999998,-157.43999999999997,-314.87999999999994,-0.0,-0.0,-0.0,-0.0,-0.0,-0.0,-0.0,-0.0,-0.0,-0.0,-0.0,-0.0,-0.0,-0.0,-0.0,-0.0,-0.0,-0.0,-0.0,-0.0,-0.0,-0.0,-2.4599999999999995,-4.919999999999999,-9.839999999999998,-19.679999999999996,-39.35999999999999,-0.0,-157.43999999999997,-277.97999999999996,-0.0,-0.0,-0.0,-0.0,-0.0,-0.0,-0.0,-0.0,-0.0,-0.0,-0.0,-0.0,-0.0,-0.0,-0.0,-0.0,-0.0,-0.0,-0.0,-0.0,-0.0,-0.0,-0.0,-0.0,-0.0,-0.0,-0.0,-0.0,-0.0,-0.0,-0.0,-0.0,-0.0,-0.0,-0.0,-0.0,-0.0,-0.0,-0.0,-0.0,-1387.4399999999996
-49.19999999999999,-98.39999999999998,-196.79999999999995,-68.87999999999998,-137.75999999999996,-275.5199999999999,-551.0399999999998,-98.39999999999998,-196.79999999999995,-393.5999999999999,-787.1999999999998,-157.43999999999997,-314.87999999999994,-629.7599999999999,-0.0,-0.0,-0.0,-0.0,-0.0,-0.0,-0.0,-0.0,-0.0,-0.0,-0.0,-0.0,-0.0,-0.0,-0.0,-0.0,-0.0,-0.0,-0.0,-0.0,-0.0,-0.0,-4.919999999999999,-9.839999999999998,-19.679999999999996,-39.35999999999999,-78.71999999999998,-157.43999999999997,-0.0,-555.9599999999999,-0.0,-0.0,-0.0,-0.0,-0.0,-0.0,-0.0,-0.0,-0.0,-0.0,-0.0,-0.0,-0.0,-0.0,-0.0,-0.0,-0.0,-0.0,-0.0,-0.0,-0.0,-0.0,-0.0,-0.0,-0.0,-0.0,-0.0,-0.0,-0.0,-0.0,-0.0,-0.0,-0.0,-0.0,-0.0,-0.0,-0.0,-0.0,-0.0,-0.0,-2774.879999999999
-86.86874999999998,-173.73749999999995,-347.4749999999999,-121.61624999999998,-243.23249999999996,-486.4649999999999,-972.9299999999998,-173.73749999999995,-347.4749999999999,-694.9499999999998,-1389.8999999999996,-277.97999999999996,-555.9599999999999,-1111.9199999999998,-0.0,-0.0,-0.0,-0.0,-0.0,-0.0,-0.0,-0.0,-0.0,-0.0,-0.0,-0.0,-0.0,-0.0,-0.0,-0.0,-0.0,-0.0,-0.0,-0.0,-0.0,-0.0,-8.686874999999999,-17.373749999999998,-34.747499999999995,-69.49499999999999,-138.98999999999998,-277.97999999999996,-555.9599999999999,-0.0,-0.0,-0.0,-0.0,-0.0,-0.0,-0.0,-0.0,-0.0,-0.0,-0.0,-0.0,-0.0,-0.0,-0.0,-0.0,-0.0,-0.0,-0.0,-0.0,-0.0,-0.0,-0.0,-0.0,-0.0,-0.0,-0.0,-0.0,-0.0,-0.0,-0.0,-0.0,-0.0,-0.0,-0.0,-0.0,-0.0,-0.0,-0.0,-0.0,-0.0,-4899.397499999999
-0.0,-0.0,-0.0,-0.0,-0.0,-0.0,-0.0,-0.0,-0.0,-0.0,-0.0,-0.0,-0.0,-0.0,-4.730833333333333,-9.461666666666666,-18.923333333333332,-4.730833333333333,-9.461666666666666,-18.923333333333332,-0.0,-0.0,-0.0,-4.730833333333333,-9.461666666666666,-18.923333333333332,-0.0,-0.0,-0.0,-0.0,-0.0,-0.0,-0.0,-0.0,-0.0,-0.0,-0.0,-0.0,-0.0,-0.0,-0.0,-0.0,-0.0,-0.0,-0.0,-9.461666666666666,-18.923333333333332,-0.0,-0.0,-0.0,-0.0,-0.0,-0.0,-0.0,-0.0,-0.0,-0.0,-0.0,-0.0,-0.0,-0.0,-0.0,-0.0,-0.0,-0.0,-0.0,-0.0,-0.0,-0.0,-0.0,-0.0,-0.0,-0.0,-0.0,-0.0,-0.0,-0.0,-0.0,-0.0,-0.0,-0.0,-0.0,-0.0,-0.0,-66.23166666666668
-0.0,-0.0,-0.0,-0.0,-0.0,-0.0,-0.0,-0.0,-0.0,-0.0,-0.0,-0.0,-0.0,-0.0,-9.461666666666666,-18.923333333333332,-37.846666666666664,-9.461666666666666,-18.923333333333332,-37.846666666666664,-0.0,-0.0,-0.0,-9.461666666666666,-18.923333333333332,-37.846666666666664,-0.0,-0.0,-0.0,-0.0,-0.0,-0.0,-0.0,-0.0,-0.0,-0.0,-0.0,-0.0,-0.0,-0.0,-0.0,-0.0,-0.0,-0.0,-9.461666666666666,-0.0,-37.846666666666664,-0.0,-0.0,-0.0,-0.0,-0.0,-0.0,-0.0,-0.0,-0.0,-0.0,-0.0,-0.0,-0.0,-0.0,-0.0,-0.0,-0.0,-0.0,-0.0,-0.0,-0.0,-0.0,-0.0,-0.0,-0.0,-0.0,-0.0,-0.0,-0.0,-0.0,-0.0,-0.0,-0.0,-0.0,-0.0,-0.0,-0.0,-132.46333333333334
-0.0,-0.0,-0.0,-0.0,-0.0,-0.0,-0.0,-0.0,-0.0,-0.0,-0.0,-0.0,-0.0,-0.0,-18.923333333333332,-37.846666666666664,-75.69333333333333,-18.923333333333332,-37.846666666666664,-75.69333333333333,-0.0,-0.0,-0.0,-18.923333333333332,-37.846666666666664,-75.69333333333333,-0.0,-0.0,-0.0,-0.0,-0.0,-0.0,-0.0,-0.0,-0.0,-0.0,-0.0,-0.0,-0.0,-0.0,-0.0,-0.0,-0.0,-0.0,-18.923333333333332,-37.846666666666664,-0.0,-0.0,-0.0,-0.0,-0.0,-0.0,-0.0,-0.0,-0.0,-0.0,-0.0,-0.0,-0.0,-0.0,-0.0,-0.0,-0.0,-0.0,-0.0,-0.0,-0.0,-0.0,-0.0,-0.0,-0.0,-0.0,-0.0,-0.0,-0.0,-0.0,-0.0,-0.0,-0.0,-0.0,-0.0,-0.0,-0.0,-0.0,-264.9266666666667
-0.0,-0.0,-0.0,-0.0,-0.0,-0.0,-0.0,-0.0,-0.0,-0.0,-0.0,-0.0,-0.0,-0.0,-0.0,-0.0,-0.0,-0.0,-0.0,-0.0,-5.809270833333333,-11.618541666666665,-23.23708333333333,-0.0,-0.0,-0.0,-5.809270833333333,-11.618541666666665,-23.23708333333333,-0.0,-0.0,-5.809270833333333,-11.618541666666665,-23.23708333333333,-0.0,-0.0,-0.0,-0.0,-0.0,-0.0,-0.0,-0.0,-0.0,-0.0,-0.0,-0.0,-0.0,-0.0,-11.618541666666665,-23.23708333333333,-0.0,-0.0,-0.0,-0.0,-0.0,-0.0,-0.0,-0.0,-0.0,-0.0,-0.0,-0.0,-0.0,-0.0,-0.0,-0.0,-0.0,-0.0,-0.0,-0.0,-0.0,-0.0,-0.0,-0.0,-0.0,-0.0,-0.0,-0.0,-0.0,-0.0,-0.0,-0.0,-0.0,-0.0,-81.32979166666665
-0.0,-0.0,-0.0,-0.0,-0.0,-0.0,-0.0,-0.0,-0.0,-0.0,-0.0,-0.0,-0.0,-0.0,-0.0,-0.0,-0.0,-0.0,-0.0,-0.0,-11.618541666666665,-23.23708333333333,-46.47416666666666,-0.0,-0.0,-0.0,-11.618541666666665,-23.23708333333333,-46.47416666666666,-0.0,-0.0,-11.618541666666665,-23.23708333333333,-46.47416666666666,-0.0,-0.0,-0.0,-0.0,-0.0,-0.0,-0.0,-0.0,-0.0,-0.0,-0.0,-0.0,-0.0,-11.618541666666665,-0.0,-46.47416666666666,-0.0,-0.0,-0.0,-0.0,-0.0,-0.0,-0.0,-0.0,-0.0,-0.0,-0.0,-0.0,-0.0,-0.0,-0.0,-0.0,-0.0,-0.0,-0.0,-0.0,-0.0,-0.0,-0.0,-0.0,-0.0,-0.0,-0.0,-0.0,-0.0,-0.0,-0.0,-0.0,-0.0,-0.0,-162.6595833333333
-0.0,-0.0,-0.0,-0.0,-0.0,-0.0,-0.0,-0.0,-0.0,-0.0,-0.0,-0.0,-0.0,-0.0,-0.0,-0.0,-0.0,-0.0,-0.0,-0.0,-23.23708333333333,-46.47416666666666,-92.94833333333332,-0.0,-0.0,-0.0,-23.23708333333333,-46.47416666666666,-92.94833333333332,-0.0,-0.0,-23.23708333333333,-46.47416666666666,-92.94833333333332,-0.0,-0.0,-0.0,-0.0,-0.0,-0.0,-0.0,-0.0,-0.0,-0.0,-0.0,-0.0,-0.0,-23.23708333333333,-46.47416666666666,-0.0,-0.0,-0.0,-0.0,-0.0,-0.0,-0.0,-0.0,-0.0,-0.0,-0.0,-0.0,-0.0,-0.0,-0.0,-0.0,-0.0,-0.0,-0.0,-0.0,-0.0,-0.0,-0.0,-0.0,-0.0,-0.0,-0.0,-0.0,-0.0,-0.0,-0.0,-0.0,-0.0,-0.0,-0.0,-325.3191666666666
-0.0,-0.0,-0.0,-0.0,-0.0,-0.0,-0.0,-0.0,-0.0,-0.0,-0.0,-0.0,-0.0,-0.0,-0.0,-0.0,-0.0,-0.0,-0.0,-0.0,-0.0,-0.0,-0.0,-0.0,-0.0,-0.0,-0.0,-0.0,-0.0,-8.802499999999998,-17.604999999999997,-0.0,-0.0,-0.0,-8.802499999999998,-17.604999999999997,-0.0,-0.0,-0.0,-0.0,-0.0,-0.0,-0.0,-0.0,-0.0,-0.0,-0.0,-0.0,-0.0,-0.0,-0.0,-17.604999999999997,-0.0,-0.0,-0.0,-0.0,-0.0,-0.0,-0.0,-0.0,-0.0,-0.0,-0.0,-0.0,-0.0,-0.0,-0.0,-0.0,-0.0,-0.0,-0.0,-0.0,-0.0,-0.0,-0.0,-0.0,-0.0,-0.0,-0.0,-0.0,-0.0,-0.0,-0.0,-0.0,-26.4075
-0.0,-0.0,-0.0,-0.0,-0.0,-0.0,-0.0,-0.0,-0.0,-0.0,-0.0,-0.0,-0.0,-0.0,-0.0,-0.0,-0.0,-0.0,-0.0,-0.0,-0.0,-0.0,-0.0,-0.0,-0.0,-0.0,-0.0,-0.0,-0.0,-17.604999999999997,-35.209999999999994,-0.0,-0.0,-0.0,-17.604999999999997,-35.209999999999994,-0.0,-0.0,-0.0,-0.0,-0.0,-0.0,-0.0,-0.0,-0.0,-0.0,-0.0,-0.0,-0.0,-0.0,-17.604999999999997,-0.0,-0.0,-0.0,-0.0,-0.0,-0.0,-0.0,-0.0,-0.0,-0.0,-0.0,-0.0,-0.0,-0.0,-0.0,-0.0,-0.0,-0.0,-0.0,-0.0,-0.0,-0.0,-0.0,-0.0,-0.0,-0.0,-0.0,-0.0,-0.0,-0.0,-0.0,-0.0,-0.0,-52.81499999999999
0.13516666666666666,0.2703333333333333,0.5406666666666666,-0.0,-0.0,-0.0,-0.0,-0.0,-0.0,-0.0,-0.0,-0.0,-0.0,-0.0,-0.13516666666666666,-0.2703333333333333,-0.5406666666666666,-0.0,-0.0,-0.0,-0.0,-0.0,-0.0,-0.0,-0.0,-0.0,-0.0,-0.0,-0.0,-0.0,-0.0,-0.0,-0.0,-0.0,-0.0,-0.0,-0.0,-0.0,-0.0,-0.0,-0.0,-0.0,-0.0,-0.0,-0.0,-0.0,-0.0,-0.0,-0.0,-0.0,-0.0,-0.0,-0.0,-0.2703333333333333,-0.5406666666666666,-0.9461666666666666,-0.0,-0.0,-0.0,-0.0,-0.0,-0.0,-0.0,-0.0,-0.0,-0.0,-0.0,-0.0,-0.0,-0.0,-0.0,-0.0,-0.0,-0.0,-0.0,-0.0,-0.0,-0.0,-0.0,-0.0,-0.0,-0.0,-0.0,-0.0,-1.8923333333333332
0.2703333333333333,0.5406666666666666,1.0813333333333333,-0.0,-0.0,-0.0,-0.0,-0.0,-0.0,-0.0,-0.0,-0.0,-0.0,-0.0,-0.2703333333333333,-0.5406666666666666,-1.0813333333333333,-0.0,-0.0,-0.0,-0.0,-0.0,-0.0,-0.0,-0.0,-0.0,-0.0,-0.0,-0.0,-0.0,-0.0,-0.0,-0.0,-0.0,-0.0,-0.0,-0.0,-0.0,-0.0,-0.0,-0.0,-0.0,-0.0,-0.0,-0.0,-0.0,-0.0,-0.0,-0.0,-0.0,-0.0,-0.0,-0.2703333333333333,-0.0,-1.0813333333333333,-1.8923333333333332,-0.0,-0.0,-0.0,-0.0,-0.0,-0.0,-0.0,-0.0,-0.0,-0.0,-0.0,-0.0,-0.0,-0.0,-0.0,-0.0,-0.0,-0.0,-0.0,-0.0,-0.0,-0.0,-0.0,-0.0,-0.0,-0.0,-0.0,-0.0,-3.7846666666666664
0.5406666666666666,1.0813333333333333,2.1626666666666665,-0.0,-0.0,-0.0,-0.0,-0.0,-0.0,-0.0,-0.0,-0.0,-0.0,-0.0,-0.5406666666666666,-1.0813333333333333,-2.1626666666666665,-0.0,-0.0,-0.0,-0.0,-0.0,-0.0,-0.0,-0.0,-0.0,-0.0,-0.0,-0.0,-0.0,-0.0,-0.0,-0.0,-0.0,-0.0,-0.0,-0.0,-0.0,-0.0,-0.0,-0.0,-0.0,-0.0,-0.0,-0.0,-0.0,-0.0,-0.0,-0.0,-0.0,-0.0,-0.0,-0.5406666666666666,-1.0813333333333333,-0.0,-3.7846666666666664,-0.0,-0.0,-0.0,-0.0,-0.0,-0.0,-0.0,-0.0,-0.0,-0.0,-0.0,-0.0,-0.0,-0.0,-0.0,-0.0,-0.0,-0.0,-0.0,-0.0,-0.0,-0.0,-0.0,-0.0,-0.0,-0.0,-0.0,-0.0,-7.569333333333333
0.9461666666666666,1.8923333333333332,3.7846666666666664,-0.0,-0.0,-0.0,-0.0,-0.0,-0.0,-0.0,-0.0,-0.0,-0.0,-0.0,-0.9461666666666666,-1.8923333333333332,-3.7846666666666664,-0.0,-0.0,-0.0,-0.0,-0.0,-0.0,-0.0,-0.0,-0.0,-0.0,-0.0,-0.0,-0.0,-0.0,-0.0,-0.0,-0.0,-0.0,-0.0,-0.0,-0.0,-0.0,-0.0,-0.0,-0.0,-0.0,-0.0,-0.0,-0.0,-0.0,-0.0,-0.0,-0.0,-0.0,-0.0,-0.9461666666666666,-1.8923333333333332,-3.7846666666666664,-0.0,-0.0,-0.0,-0.0,-0.0,-0.0,-0.0,-0.0,-0.0,-0.0,-0.0,-0.0,-0.0,-0.0,-0.0,-0.0,-0.0,-0.0,-0.0,-0.0,-0.0,-0.0,-0.0,-0.0,-0.0,-0.0,-0.0,-0.0,-0.0,-13.246333333333332
-0.0,-0.0,-0.0,3.2066666666666666,6.413333333333333,12.826666666666666,25.653333333333332,-0.0,-0.0,-0.0,-0.0,-0.0,-0.0,-0.0,-0.0,-0.0,-0.0,-1.6033333333333333,-3.2066666666666666,-6.413333333333333,-0.0,-0.0,-0.0,-0.0,-0.0,-0.0,-0.0,-0.0,-0.0,-0.0,-0.0,-0.0,-0.0,-0.0,-0.0,-0.0,-0.0,-0.0,-0.0,-0.0,-0.0,-0.0,-0.0,-0.0,-0.0,-0.0,-0.0,-0.0,-0.0,-0.0,-0.0,-0.0,-0.0,-0.0,-0.0,-0.0,-0.0,-3.2066666666666666,-6.413333333333333,-11.223333333333333,-0.0,-0.0,-0.0,-0.0,-0.0,-0.0,-0.0,-0.0,-0.0,-0.0,-0.0,-0.0,-0.0,-0.0,-0.0,-0.0,-0.0,-0.0,-0.0,-0.0,-0.0,-0.0,-0.0,-0.0,14.43
-0.0,-0.0,-0.0,6.413333333333333,12.826666666666666,25.653333333333332,51.306666666666665,-0.0,-0.0,-0.0,-0.0,-0.0,-0.0,-0.0,-0.0,-0.0,-0.0,-3.2066666666666666,-6.413333333333333,-12.826666666666666,-0.0,-0.0,-0.0,-0.0,-0.0,-0.0,-0.0,-0.0,-0.0,-0.0,-0.0,-0.0,-0.0,-0.0,-0.0,-0.0,-0.0,-0.0,-0.0,-0.0,-0.0,-0.0,-0.0,-0.0,-0.0,-0.0,-0.0,-0.0,-0.0,-0.0,-0.0,-0.0,-0.0,-0.0,-0.0,-0.0,-3.2066666666666666,-0.0,-12.826666666666666,-22.446666666666665,-0.0,-0.0,-0.0,-0.0,-0.0,-0.0,-0.0,-0.0,-0.0,-0.0,-0.0,-0.0,-0.0,-0.0,-0.0,-0.0,-0.0,-0.0,-0.0,-0.0,-0.0,-0.0,-0.0,-0.0,28.86
-0.0,-0.0,-0.0,12.826666666666666,25.653333333333332,51.306666666666665,102.61333333333333,-0.0,-0.0,-0.0,-0.0,-0.0,-0.0,-0.0,-0.0,-0.0,-0.0,-6.413333333333333,-12.826666666666666,-25.653333333333332,-0.0,-0.0,-0.0,-0.0,-0.0,-0.0,-0.0,-0.0,-0.0,-0.0,-0.0,-0.0,-0.0,-0.0,-0.0,-0.0,-0.0,-0.0,-0.0,-0.0,-0.0,-0.0,-0.0,-0.0,-0.0,-0.0,-0.0,-0.0,-0.0,-0.0,-0.0,-0.0,-0.0,-0.0,-0.0,-0.0,-6.413333333333333,-12.826666666666666,-0.0,-44.89333333333333,-0.0,-0.0,-0.0,-0.0,-0.0,-0.0,-0.0,-0.0,-0.0,-0.0,-0.0,-0.0,-0.0,-0.0,-0.0,-0.0,-0.0,-0.0,-0.0,-0.0,-0.0,-0.0,-0.0,-0.0,57.71999999999999
-0.0,-0.0,-0.0,22.446666666666665,44.89333333333333,89.78666666666666,179.57333333333332,-0.0,-0.0,-0.0,-0.0,-0.0,-0.0,-0.0,-0.0,-0.0,-0.0,-11.223333333333333,-22.446666666666665,-44.89333333333333,-0.0,-0.0,-0.0,-0.0,-0.0,-0.0,-0.0,-0.0,-0.0,-0.0,-0.0,-0.0,-0.0,-0.0,-0.0,-0.0,-0.0,-0.0,-0.0,-0.0,-0.0,-0.0,-0.0,-0.0,-0.0,-0.0,-0.0,-0.0,-0.0,-0.0,-0.0,-0.0,-0.0,-0.0,-0.0,-0.0,-11.223333333333333,-22.446666666666665,-44.89333333333333,-0.0,-0.0,-0.0,-0.0,-0.0,-0.0,-0.0,-0.0,-0.0,-0.0,-0.0,-0.0,-0.0,-0.0,-0.0,-0.0,-0.0,-0.0,-0.0,-0.0,-0.0,-0.0,-0.0,-0.0,-0.0,101.00999999999999
-0.0,-0.0,-0.0,3.3195833333333336,6.639166666666667,13.278333333333334,26.55666666666667,-0.0,-0.0,-0.0,-0.0,-0.0,-0.0,-0.0,-0.0,-0.0,-0.0,-0.0,-0.0,-0.0,-3.3195833333333336,-6.639166666666667,-13.278333333333334,-0.0,-0.0,-0.0,-0.0,-0.0,-0.0,-0.0,-0.0,-0.0,-0.0,-0.0,-0.0,-0.0,-0.0,-0.0,-0.0,-0.0,-0.0,-0.0,-0.0,-0.0,-0.0,-0.0,-0.0,-0.0,-0.0,-0.0,-0.0,-0.0,-0.0,-0.0,-0.0,-0.0,-0.0,-0.0,-0.0,-0.0,-0.0,-6.639166666666667,-13.278333333333334,-23.237083333333334,-0.0,-0.0,-0.0,-0.0,-0.0,-0.0,-0.0,-0.0,-0.0,-0.0,-0.0,-0.0,-0.0,-0.0,-0.0,-0.0,-0.0,-0.0,-0.0,-0.0,-19.9175
-0.0,-0.0,-0.0,6.639166666666667,13.278333333333334,26.55666666666667,53.11333333333334,-0.0,-0.0,-0.0,-0.0,-0.0,-0.0,-0.0,-0.0,-0.0,-0.0,-0.0,-0.0,-0.0,-6.639166666666667,-13.278333333333334,-26.55666666666667,-0.0,-0.0,-0.0,-0.0,-0.0,-0.0,-0.0,-0.0,-0.0,-0.0,-0.0,-0.0,-0.0,-0.0,-0.0,-0.0,-0.0,-0.0,-0.0,-0.0,-0.0,-0.0,-0.0,-0.0,-0.0,-0.0,-0.0,-0.0,-0.0,-0.0,-0.0,-0.0,-0.0,-0.0,-0.0,-0.0,-0.0,-6.639166666666667,-0.0,-26.55666666666667,-46.47416666666667,-0.0,-0.0,-0.0,-0.0,-0.0,-0.0,-0.0,-0.0,-0.0,-0.0,-0.0,-0.0,-0.0,-0.0,-0.0,-0.0,-0.0,-0.0,-0.0,-0.0,-39.835
-0.0,-0.0,-0.0,13.278333333333334,26.55666666666667,53.11333333333334,106.22666666666667,-0.0,-0.0,-0.0,-0.0,-0.0,-0.0,-0.0,-0.0,-0.0,-0.0,-0.0,-0.0,-0.0,-13.278333333333334,-26.55666666666667,-53.11333333333334,-0.0,-0.0,-0.0,-0.0,-0.0,-0.0,-0.0,-0.0,-0.0,-0.0,-0.0,-0.0,-0.0,-0.0,-0.0,-0.0,-0.0,-0.0,-0.0,-0.0,-0.0,-0.0,-0.0,-0.0,-0.0,-0.0,-0.0,-0.0,-0.0,-0.0,-0.0,-0.0,-0.0,-0.0,-0.0,-0.0,-0.0,-13.278333333333334,-26.55666666666667,-0.0,-92.94833333333334,-0.0,-0.0,-0.0,-0.0,-0.0,-0.0,-0.0,-0.0,-0.0,-0.0,-0.0,-0.0,-0.0,-0.0,-0.0,-0.0,-0.0,-0.0,-0.0,-0.0,-79.67
-0.0,-0.0,-0.0,23.237083333333334,46.47416666666667,92.94833333333334,185.89666666666668,-0.0,-0.0,-0.0,-0.0,-0.0,-0.0,-0.0,-0.0,-0.0,-0.0,-0.0,-0.0,-0.0,-23.237083333333334,-46.47416666666667,-92.94833333333334,-0.0,-0.0,-0.0,-0.0,-0.0,-0.0,-0.0,-0.0,-0.0,-0.0,-0.0,-0.0,-0.0,-0.0,-0.0,-0.0,-0.0,-0.0,-0.0,-0.0,-0.0,-0.0,-0.0,-0.0,-0.0,-0.0,-0.0,-0.0,-0.0,-0.0,-0.0,-0.0,-0.0,-0.0,-0.0,-0.0,-0.0,-23.237083333333334,-46.47416666666667,-92.94833333333334,-0.0,-0.0,-0.0,-0.0,-0.0,-0.0,-0.0,-0.0,-0.0,-0.0,-0.0,-0.0,-0.0,-0.0,-0.0,-0.0,-0.0,-0.0,-0.0,-0.0,-0.0,-139.42249999999999
-0.0,-0.0,-0.0,-0.0,-0.0,-0.0,-0.0,0.2328333333333333,0.4656666666666666,0.9313333333333332,1.8626666666666665,-0.0,-0.0,-0.0,-0.0,-0.0,-0.0,-0.0,-0.0,-0.0,-0.0,-0.0,-0.0,-0.11641666666666665,-0.2328333333333333,-0.4656666666666666,-0.0,-0.0,-0.0,-0.0,-0.0,-0.0,-0.0,-0.0,-0.0,-0.0,-0.0,-0.0,-0.0,-0.0,-0.0,-0.0,-0.0,-0.0,-0.0,-0.0,-0.0,-0.0,-0.0,-0.0,-0.0,-0.0,-0.0,-0.0,-0.0,-0.0,-0.0,-0.0,-0.0,-0.0,-0.0,-0.0,-0.0,-0.0,-0.0,-0.2328333333333333,-0.4656666666666666,-0.8149166666666666,-0.0,-0.0,-0.0,-0.0,-0.0,-0.0,-0.0,-0.0,-0.0,-0.0,-0.0,-0.0,-0.0,-0.0,-0.0,-0.0,1.04775
-0.0,-0.0,-0.0,-0.0,-0.0,-0.0,-0.0,0.4656666666666666,0.9313333333333332,1.8626666666666665,3.725333333333333,-0.0,-0.0,-0.0,-0.0,-0.0,-0.0,-0.0,-0.0,-0.0,-0.0,-0.0,-0.0,-0.2328333333333333,-0.4656666666666666,-0.9313333333333332,-0.0,-0.0,-0.0,-0.0,-0.0,-0.0,-0.0,-0.0,-0.0,-0.0,-0.0,-0.0,-0.0,-0.0,-0.0,-0.0,-0.0,-0.0,-0.0,-0.0,-0.0,-0.0,-0.0,-0.0,-0.0,-0.0,-0.0,-0.0,-0.0,-0.0,-0.0,-0.0,-0.0,-0.0,-0.0,-0.0,-0.0,-0.0,-0.2328333333333333,-0.0,-0.9313333333333332,-1.6298333333333332,-0.0,-0.0,-0.0,-0.0,-0.0,-0.0,-0.0,-0.0,-0.0,-0.0,-0.0,-0.0,-0.0,-0.0,-0.0,-0.0,2.0955
-0.0,-0.0,-0.0,-0.0,-0.0,-0.0,-0.0,0.9313333333333332,1.8626666666666665,3.725333333333333,7.450666666666666,-0.0,-0.0,-0.0,-0.0,-0.0,-0.0,-0.0,-0.0,-0.0,-0.0,-0.0,-0.0,-0.4656666666666666,-0.9313333333333332,-1.8626666666666665,-0.0,-0.0,-0.0,-0.0,-0.0,-0.0,-0.0,-0.0,-0.0,-0.0,-0.0,-0.0,-0.0,-0.0,-0.0,-0.0,-0.0,-0.0,-0.0,-0.0,-0.0,-0.0,-0.0,-0.0,-0.0,-0.0,-0.0,-0.0,-0.0,-0.0,-0.0,-0.0,-0.0,-0.0,-0.0,-0.0,-0.0,-0.0,-0.4656666666666666,-0.9313333333333332,-0.0,-3.2596666666666665,-0.0,-0.0,-0.0,-0.0,-0.0,-0.0,-0.0,-0.0,-0.0,-0.0,-0.0,-0.0,-0.0,-0.0,-0.0,-0.0,4.191
-0.0,-0.0,-0.0,-0.0,-0.0,-0.0,-0.0,1.6298333333333332,3.2596666666666665,6.519333333333333,13.038666666666666,-0.0,-0.0,-0.0,-0.0,-0.0,-0.0,-0.0,-0.0,-0.0,-0.0,-0.0,-0.0,-0.8149166666666666,-1.6298333333333332,-3.2596666666666665,-0.0,-0.0,-0.0,-0.0,-0.0,-0.0,-0.0,-0.0,-0.0,-0.0,-0.0,-0.0,-0.0,-0.0,-0.0,-0.0,-0.0,-0.0,-0.0,-0.0,-0.0,-0.0,-0.0,-0.0,-0.0,-0.0,-0.0,-0.0,-0.0,-0.0,-0.0,-0.0,-0.0,-0.0,-0.0,-0.0,-0.0,-0.0,-0.8149166666666666,-1.6298333333333332,-3.2596666666666665,-0.0,-0.0,-0.0,-0.0,-0.0,-0.0,-0.0,-0.0,-0.0,-0.0,-0.0,-0.0,-0.0,-0.0,-0.0,-0.0,-0.0,7.33425
-0.0,-0.0,-0.0,-0.0,-0.0,-0.0,-0.0,0.22945833333333332,0.45891666666666664,0.9178333333333333,1.8356666666666666,-0.0,-0.0,-0.0,-0.0,-0.0,-0.0,-0.0,-0.0,-0.0,-0.0,-0.0,-0.0,-0.0,-0.0,-0.0,-0.11472916666666666,-0.22945833333333332,-0.45891666666666664,-0.0,-0.0,-0.0,-0.0,-0.0,-0.0,-0.0,-0.0,-0.0,-0.0,-0.0,-0.0,-0.0,-0.0,-0.0,-0.0,-0.0,-0.0,-0.0,-0.0,-0.0,-0.0,-0.0,-0.0,-0.0,-0.0,-0.0,-0.0,-0.0,-0.0,-0.0,-0.0,-0.0,-0.0,-0.0,-0.0,-0.0,-0.0,-0.0,-0.0,-0.22945833333333332,-0.45891666666666664,-0.8031041666666666,-0.0,-0.0,-0.0,-0.0,-0.0,-0.0,-0.0,-0.0,-0.0,-0.0,-0.0,-0.0,1.0325624999999998
-0.0,-0.0,-0.0,-0.0,-0.0,-0.0,-0.0,0.45891666666666664,0.9178333333333333,1.8356666666666666,3.671333333333333,-0.0,-0.0,-0.0,-0.0,-0.0,-0.0,-0.0,-0.0,-0.0,-0.0,-0.0,-0.0,-0.0,-0.0,-0.0,-0.22945833333333332,-0.45891666666666664,-0.9178333333333333,-0.0,-0.0,-0.0,-0.0,-0.0,-0.0,-0.0,-0.0,-0.0,-0.0,-0.0,-0.0,-0.0,-0.0,-0.0,-0.0,-0.0,-0.0,-0.0,-0.0,-0.0,-0.0,-0.0,-0.0,-0.0,-0.0,-0.0,-0.0,-0.0,-0.0,-0.0,-0.0,-0.0,-0.0,-0.0,-0.0,-0.0,-0.0,-0.0,-0.22945833333333332,-0.0,-0.9178333333333333,-1.6062083333333332,-0.0,-0.0,-0.0,-0.0,-0.0,-0.0,-0.0,-0.0,-0.0,-0.0,-0.0,-0.0,2.0651249999999997
-0.0,-0.0,-0.0,-0.0,-0.0,-0.0,-0.0,0.9178333333333333,1.8356666666666666,3.671333333333333,7.342666666666666,-0.0,-0.0,-0.0,-0.0,-0.0,-0.0,-0.0,-0.0,-0.0,-0.0,-0.0,-0.0,-0.0,-0.0,-0.0,-0.45891666666666664,-0.9178333333333333,-1.8356666666666666,-0.0,-0.0,-0.0,-0.0,-0.0,-0.0,-0.0,-0.0,-0.0,-0.0,-0.0,-0.0,-0.0,-0.0,-0.0,-0.0,-0.0,-0.0,-0.0,-0.0,-0.0,-0.0,-0.0,-0.0,-0.0,-0.0,-0.0,-0.0,-0.0,-0.0,-0.0,-0.0,-0.0,-0.0,-0.0,-0.0,-0.0,-0.0,-0.0,-0.45891666666666664,-0.9178333333333333,-0.0,-3.2124166666666665,-0.0,-0.0,-0.0,-0.0,-0.0,-0.0,-0.0,-0.0,-0.0,-0.0,-0.0,-0.0,4.13025
-0.0,-0.0,-0.0,-0.0,-0.0,-0.0,-0.0,1.6062083333333332,3.2124166666666665,6.424833333333333,12.849666666666666,-0.0,-0.0,-0.0,-0.0,-0.0,-0.0,-0.0,-0.0,-0.0,-0.0,-0.0,-0.0,-0.0,-0.0,-0.0,-0.8031041666666666,-1.6062083333333332,-3.2124166666666665,-0.0,-0.0,-0.0,-0.0,-0.0,-0.0,-0.0,-0.0,-0.0,-0.0,-0.0,-0.0,-0.0,-0.0,-0.0,-0.0,-0.0,-0.0,-0.0,-0.0,-0.0,-0.0,-0.0,-0.0,-0.0,-0.0,-0.0,-0.0,-0.0,-0.0,-0.0,-0.0,-0.0,-0.0,-0.0,-0.0,-0.0,-0.0,-0.0,-0.8031041666666666,-1.6062083333333332,-3.2124166666666665,-0.0,-0.0,-0.0,-0.0,-0.0,-0.0,-0.0,-0.0,-0.0,-0.0,-0.0,-0.0,-0.0,7.2279374999999995
-0.0,-0.0,-0.0,-0.0,-0.0,-0.0,-0.0,0.2365,0.473,0.946,1.892,-0.0,-0.0,-0.0,-0.0,-0.0,-0.0,-0.0,-0.0,-0.0,-0.0,-0.0,-0.0,-0.0,-0.0,-0.0,-0.0,-0.0,-0.0,-0.2365,-0.473,-0.0,-0.0,-0.0,-0.0,-0.0,-0.0,-0.0,-0.0,-0.0,-0.0,-0.0,-0.0,-0.0,-0.0,-0.0,-0.0,-0.0,-0.0,-0.0,-0.0,-0.0,-0.0,-0.0,-0.0,-0.0,-0.0,-0.0,-0.0,-0.0,-0.0,-0.0,-0.0,-0.0,-0.0,-0.0,-0.0,-0.0,-0.0,-0.0,-0.0,-0.0,-0.0,-0.473,-0.946,-1.6555,-0.0,-0.0,-0.0,-0.0,-0.0,-0.0,-0.0,-0.0,-0.473
-0.0,-0.0,-0.0,-0.0,-0.0,-0.0,-0.0,0.473,0.946,1.892,3.784,-0.0,-0.0,-0.0,-0.0,-0.0,-0.0,-0.0,-0.0,-0.0,-0.0,-0.0,-0.0,-0.0,-0.0,-0.0,-0.0,-0.0,-0.0,-0.473,-0.946,-0.0,-0.0,-0.0,-0.0,-0.0,-0.0,-0.0,-0.0,-0.0,-0.0,-0.0,-0.0,-0.0,-0.0,-0.0,-0.0,-0.0,-0.0,-0.0,-0.0,-0.0,-0.0,-0.0,-0.0,-0.0,-0.0,-0.0,-0.0,-0.0,-0.0,-0.0,-0.0,-0.0,-0.0,-0.0,-0.0,-0.0,-0.0,-0.0,-0.0,-0.0,-0.473,-0.0,-1.892,-3.311,-0.0,-0.0,-0.0,-0.0,-0.0,-0.0,-0.0,-0.0,-0.946
-0.0,-0.0,-0.0,-0.0,-0.0,-0.0,-0.0,0.946,1.892,3.784,7.568,-0.0,-0.0,-0.0,-0.0,-0.0,-0.0,-0.0,-0.0,-0.0,-0.0,-0.0,-0.0,-0.0,-0.0,-0.0,-0.0,-0.0,-0.0,-0.946,-1.892,-0.0,-0.0,-0.0,-0.0,-0.0,-0.0,-0.0,-0.0,-0.0,-0.0,-0.0,-0.0,-0.0,-0.0,-0.0,-0.0,-0.0,-0.0,-0.0,-0.0,-0.0,-0.0,-0.0,-0.0,-0.0,-0.0,-0.0,-0.0,-0.0,-0.0,-0.0,-0.0,-0.0,-0.0,-0.0,-0.0,-0.0,-0.0,-0.0,-0.0,-0.0,-0.946,-1.892,-0.0,-6.622,-0.0,-0.0,-0.0,-0.0,-0.0,-0.0,-0.0,-0.0,-1.892
-0.0,-0.0,-0.0,-0.0,-0.0,-0.0,-0.0,1.6555,3.311,6.622,13.244,-0.0,-0.0,-0.0,-0.0,-0.0,-0.0,-0.0,-0.0,-0.0,-0.0,-0.0,-0.0,-0.0,-0.0,-0.0,-0.0,-0.0,-0.0,-1.6555,-3.311,-0.0,-0.0,-0.0,-0.0,-0.0,-0.0,-0.0,-0.0,-0.0,-0.0,-0.0,-0.0,-0.0,-0.0,-0.0,-0.0,-0.0,-0.0,-0.0,-0.0,-0.0,-0.0,-0.0,-0.0,-0.0,-0.0,-0.0,-0.0,-0.0,-0.0,-0.0,-0.0,-0.0,-0.0,-0.0,-0.0,-0.0,-0.0,-0.0,-0.0,-0.0,-1.6555,-3.311,-6.622,-0.0,-0.0,-0.0,-0.0,-0.0,-0.0,-0.0,-0.0,-0.0,-3.311
-0.0,-0.0,-0.0,-0.0,-0.0,-0.0,-0.0,-0.0,-0.0,-0.0,-0.0,0.24445833333333333,0.48891666666666667,0.9778333333333333,-0.0,-0.0,-0.0,-0.0,-0.0,-0.0,-0.0,-0.0,-0.0,-0.0,-0.0,-0.0,-0.0,-0.0,-0.0,-0.0,-0.0,-0.12222916666666667,-0.24445833333333333,-0.48891666666666667,-0.0,-0.0,-0.0,-0.0,-0.0,-0.0,-0.0,-0.0,-0.0,-0.0,-0.0,-0.0,-0.0,-0.0,-0.0,-0.0,-0.0,-0.0,-0.0,-0.0,-0.0,-0.0,-0.0,-0.0,-0.0,-0.0,-0.0,-0.0,-0.0,-0.0,-0.0,-0.0,-0.0,-0.0,-0.0,-0.0,-0.0,-0.0,-0.0,-0.0,-0.0,-0.0,-0.0,-0.24445833333333333,-0.48891666666666667,-0.8556041666666667,-0.0,-0.0,-0.0,-0.0,-0.8556041666666667
-0.0,-0.0,-0.0,-0.0,-0.0,-0.0,-0.0,-0.0,-0.0,-0.0,-0.0,0.48891666666666667,0.9778333333333333,1.9556666666666667,-0.0,-0.0,-0.0,-0.0,-0.0,-0.0,-0.0,-0.0,-0.0,-0.0,-0.0,-0.0,-0.0,-0.0,-0.0,-0.0,-0.0,-0.24445833333333333,-0.48891666666666667,-0.9778333333333333,-0.0,-0.0,-0.0,-0.0,-0.0,-0.0,-0.0,-0.0,-0.0,-0.0,-0.0,-0.0,-0.0,-0.0,-0.0,-0.0,-0.0,-0.0,-0.0,-0.0,-0.0,-0.0,-0.0,-0.0,-0.0,-0.0,-0.0,-0.0,-0.0,-0.0,-0.0,-0.0,-0.0,-0.0,-0.0,-0.0,-0.0,-0.0,-0.0,-0.0,-0.0,-0.0,-0.24445833333333333,-0.0,-0.9778333333333333,-1.7112083333333334,-0.0,-0.0,-0.0,-0.0,-1.7112083333333337
-0.0,-0.0,-0.0,-0.0,-0.0,-0.0,-0.0,-0.0,-0.0,-0.0,-0.0,0.9778333333333333,1.9556666666666667,3.9113333333333333,-0.0,-0.0,-0.0,-0.0,-0.0,-0.0,-0.0,-0.0,-0.0,-0.0,-0.0,-0.0,-0.0,-0.0,-0.0,-0.0,-0.0,-0.48891666666666667,-0.9778333333333333,-1.9556666666666667,-0.0,-0.0,-0.0,-0.0,-0.0,-0.0,-0.0,-0.0,-0.0,-0.0,-0.0,-0.0,-0.0,-0.0,-0.0,-0.0,-0.0,-0.0,-0.0,-0.0,-0.0,-0.0,-0.0,-0.0,-0.0,-0.0,-0.0,-0.0,-0.0,-0.0,-0.0,-0.0,-0.0,-0.0,-0.0,-0.0,-0.0,-0.0,-0.0,-0.0,-0.0,-0.0,-0.48891666666666667,-0.9778333333333333,-0.0,-3.422416666666667,-0.0,-0.0,-0.0,-0.0,-3.422416666666667
-0.0,-0.0,-0.0,-0.0,-0.0,-0.0,-0.0,-0.0,-0.0,-0.0,-0.0,1.7112083333333334,3.422416666666667,6.844833333333334,-0.0,-0.0,-0.0,-0.0,-0.0,-0.0,-0.0,-0.0,-0.0,-0.0,-0.0,-0.0,-0.0,-0.0,-0.0,-0.0,-0.0,-0.8556041666666667,-1.7112083333333334,-3.422416666666667,-0.0,-0.0,-0.0,-0.0,-0.0,-0.0,-0.0,-0.0,-0.0,-0.0,-0.0,-0.0,-0.0,-0.0,-0.0,-0.0,-0.0,-0.0,-0.0,-0.0,-0.0,-0.0,-0.0,-0.0,-0.0,-0.0,-0.0,-0.0,-0.0,-0.0,-0.0,-0.0,-0.0,-0.0,-0.0,-0.0,-0.0,-0.0,-0.0,-0.0,-0.0,-0.0,-0.8556041666666667,-1.7112083333333334,-3.422416666666667,-0.0,-0.0,-0.0,-0.0,-0.0,-5.989229166666667
-0.0,-0.0,-0.0,-0.0,-0.0,-0.0,-0.0,-0.0,-0.0,-0.0,-0.0,0.2515,0.503,1.006,-0.0,-0.0,-0.0,-0.0,-0.0,-0.0,-0.0,-0.0,-0.0,-0.0,-0.0,-0.0,-0.0,-0.0,-0.0,-0.0,-0.0,-0.0,-0.0,-0.0,-0.2515,-0.503,-0.0,-0.0,-0.0,-0.0,-0.0,-0.0,-0.0,-0.0,-0.0,-0.0,-0.0,-0.0,-0.0,-0.0,-0.0,-0.0,-0.0,-0.0,-0.0,-0.0,-0.0,-0.0,-0.0,-0.0,-0.0,-0.0,-0.0,-0.0,-0.0,-0.0,-0.0,-0.0,-0.0,-0.0,-0.0,-0.0,-0.0,-0.0,-0.0,-0.0,-0.0,-0.0,-0.0,-0.0,-0.0,-0.503,-1.006,-1.7605,-2.515
-0.0,-0.0,-0.0,-0.0,-0.0,-0.0,-0.0,-0.0,-0.0,-0.0,-0.0,0.503,1.006,2.012,-0.0,-0.0,-0.0,-0.0,-0.0,-0.0,-0.0,-0.0,-0.0,-0.0,-0.0,-0.0,-0.0,-0.0,-0.0,-0.0,-0.0,-0.0,-0.0,-0.0,-0.503,-1.006,-0.0,-0.0,-0.0,-0.0,-0.0,-0.0,-0.0,-0.0,-0.0,-0.0,-0.0,-0.0,-0.0,-0.0,-0.0,-0.0,-0.0,-0.0,-0.0,-0.0,-0.0,-0.0,-0.0,-0.0,-0.0,-0.0,-0.0,-0.0,-0.0,-0.0,-0.0,-0.0,-0.0,-0.0,-0.0,-0.0,-0.0,-0.0,-0.0,-0.0,-0.0,-0.0,-0.0,-0.0,-0.503,-0.0,-2.012,-3.521,-5.03
-0.0,-0.0,-0.0,-0.0,-0.0,-0.0,-0.0,-0.0,-0.0,-0.0,-0.0,1.006,2.012,4.024,-0.0,-0.0,-0.0,-0.0,-0.0,-0.0,-0.0,-0.0,-0.0,-0.0,-0.0,-0.0,-0.0,-0.0,-0.0,-0.0,-0.0,-0.0,-0.0,-0.0,-1.006,-2.012,-0.0,-0.0,-0.0,-0.0,-0.0,-0.0,-0.0,-0.0,-0.0,-0.0,-0.0,-0.0,-0.0,-0.0,-0.0,-0.0,-0.0,-0.0,-0.0,-0.0,-0.0,-0.0,-0.0,-0.0,-0.0,-0.0,-0.0,-0.0,-0.0,-0.0,-0.0,-0.0,-0.0,-0.0,-0.0,-0.0,-0.0,-0.0,-0.0,-0.0,-0.0,-0.0,-0.0,-0.0,-1.006,-2.012,-0.0,-7.042,-10.06
-0.0,-0.0,-0.0,-0.0,-0.0,-0.0,-0.0,-0.0,-0.0,-0.0,-0.0,1.7605,3.521,7.042,-0.0,-0.0,-0.0,-0.0,-0.0,-0.0,-0.0,-0.0,-0.0,-0.0,-0.0,-0.0,-0.0,-0.0,-0.0,-0.0,-0.0,-0.0,-0.0,-0.0,-1.7605,-3.521,-0.0,-0.0,-0.0,-0.0,-0.0,-0.0,-0.0,-0.0,-0.0,-0.0,-0.0,-0.0,-0.0,-0.0,-0.0,-0.0,-0.0,-0.0,-0.0,-0.0,-0.0,-0.0,-0.0,-0.0,-0.0,-0.0,-0.0,-0.0,-0.0,-0.0,-0.0,-0.0,-0.0,-0.0,-0.0,-0.0,-0.0,-0.0,-0.0,-0.0,-0.0,-0.0,-0.0,-0.0,-1.7605,-3.521,-7.042,-0.0,-17.605
-432.7076666666665,-865.415333333333,-1730.830666666666,-633.6547916666665,-1267.309583333333,-2534.6191666666664,-5069.238333333333,-824.8027291666663,-1649.6054583333328,-3299.2109166666655,-6598.421833333331,-1309.1846249999996,-2618.3692499999993,-5236.738499999999,-54.60733333333334,-109.21466666666667,-218.42933333333335,-27.18708333333332,-54.37416666666664,-108.7483333333333,-68.05145833333331,-136.10291666666666,-272.2058333333333,-100.84225000000002,-201.68450000000004,-403.369,-116.12431249999999,-232.248625,-464.49725,-50.53050000000001,-101.061,-145.41247916666666,-290.8249583333333,-581.6499166666666,-79.22249999999998,-158.44499999999996,-43.357499999999995,-86.71499999999999,-173.42999999999995,-346.8599999999999,-693.7199999999998,-1387.4399999999996,-2774.879999999999,-4899.397499999999,-66.23166666666668,-132.46333333333334,-264.9266666666667,-81.32979166666665,-162.6595833333333,-325.3191666666666,-26.4075,-52.81499999999999,-1.8923333333333332,-3.7846666666666664,-7.569333333333333,-13.246333333333332,14.43,28.86,57.71999999999999,101.00999999999999,-19.9175,-39.835,-79.67,-139.42249999999999,1.04775,2.0955,4.191,7.33425,1.0325624999999998,2.0651249999999997,4.13025,7.2279374999999995,-0.473,-0.946,-1.892,-3.311,-0.8556041666666667,-1.7112083333333337,-3.422416666666667,-5.989229166666667,-2.515,-5.03,-10.06,-17.605,-0.0
